ssn|name|address|phone|birthdate|bmi
407-59-3562|Christine Henderson|145 Kelley Blvd, Millbrook AL 36054|607-908-7367|1944-03-12|25.21
972-31-2001|Armaan Dar|42 Fairhaven Commons Way, Fairhaven MA 02719|989-040-0248|1973-11-07|24.25
600-71-7687|Mannat Chopra|101 Sanford Farm Shpg Center, Amsterdam NY 12010|256-765-5425|1969-07-29|32.39
268-18-9765|Misha Vig|680 Connecticut Avenue, Norwalk CT 06854|254-723-8668|1951-06-01|21.63
364-21-9376|Saira Dey|690 Hwy 78, Sumiton AL 35148|309-747-9048|1965-03-08|25.74
953-13-9783|Uriel Nayeli Montoya|1972 Hwy 431, Boaz AL 35957|252-240-2043|1989-12-13|24.92
827-81-7850|Shayak Bora|5335 Hwy 280 South, Hoover AL 35242|251-114-2411|1998-09-06|15.75
953-20-6793|Robert Miller|2 Gannett Dr, Johnson City NY 13790|216-486-9424|1979-09-06|13.99
105-44-3411|Reynaldo Jaimes Padilla|180 North King Street, Northhampton MA 01060|412-871-2347|1940-09-14|10.97
823-09-5353|Sonia Mena Segura|164 Danbury Rd, New Milford CT 06776|848-201-3260|1975-11-30|20.22
778-15-5337|Fernando Olivas Murillo|501 Willow Lane, Greenville AL 36037|210-656-7811|1997-05-06|30.77
586-55-9747|Kartik Jain|41301 US Hwy 280, Sylacauga AL 35150|956-130-4699|1952-10-17|19.32
456-84-8474|Ing. Benito Tamez|517 West Avalon Ave, Muscle Shoals AL 35661|928-617-1889|1985-02-02|33.47
803-75-3228|Alisha Samra|100 Charlton Road, Sturbridge MA 01566|951-460-2589|1977-11-02|19.95
683-29-3780|Prerak Subramaniam|2453 2Nd Avenue East, Oneonta AL 35121  205-625-647|224-938-9590|1979-07-21|18.01
368-83-1803|Christopher Williams|2200 South Mckenzie St, Foley AL 36535|704-462-6130|1989-01-17|19.57
791-95-1296|Emily Moran|6265 Brockport Spencerport Rd, Brockport NY 14420|253-964-9014|1962-05-26|11.96
889-84-8882|Dr. María Eugenia Meraz|2900 S Mem PkwyDrake Ave, Huntsville AL 35801|212-726-6027|1964-09-23|28.55
394-19-5263|Anvi Kari|3222 State Rt 11, Malone NY 12953|660-213-1375|1946-01-22|22.2
830-30-8590|Sr(a). Eloy Cisneros|6140A Univ Drive, Huntsville AL 35806|786-500-4290|1958-08-06|29.82
372-89-5899|Marco Antonio Valenzuela|2200 Sparkman Drive, Huntsville AL 35810|609-665-3681|1953-03-04|11.85
887-39-0640|Sonya Martin|1501 Hwy 14 East, Selma AL 36703|929-318-9039|1947-11-10|24.77
639-49-6271|Rhea Bala|297 Grant Avenue, Auburn NY 13021|937-835-1294|1949-10-13|30.12
229-42-2465|Shamik Manda|2500 Dawes Road, Mobile AL 36695|630-947-3944|1964-11-05|14.71
432-51-5003|Beatriz Renato Puente|677 Timpany Blvd, Gardner MA 01440|469-266-3559|1999-11-28|16.68
313-42-1801|Jaqueline Maximiliano Uribe Esparza|742 Main Street, North Oxford MA 01537|409-410-3804|1947-08-04|19.45
735-75-0801|Abigail Acosta Razo|67 Newton Rd, Danbury CT 06810|626-808-5735|1952-03-24|24.43
524-02-4607|Akarsh Deshpande|27520 Hwy 98, Daphne AL 36526|580-944-0563|1977-04-22|35.9
247-40-2668|Sr(a). Julio César Delgadillo|150 Barnum Avenue Cutoff, Stratford CT 06614|304-727-2520|1984-03-08|18.9
361-95-8266|Heather Smith|1916 Center Point Rd, Center Point AL 35215|361-281-9532|1981-01-02|18.13
903-89-3227|Kelly Anderson|85 Crooked Hill Road, Commack NY 11725|413-604-3023|1978-08-20|11.44
597-05-4658|Bhavin Mangal|550 Providence Hwy, Walpole MA 02081|770-072-2244|1972-08-14|17.77
599-57-1231|Timothy Hernandez|1300 Montgomery Highway, Vestavia Hills AL 35216|936-291-2057|1985-05-10|41.45
861-16-0856|Samuel Robertson|235 Queen St, Southington CT 06489|918-452-7620|1975-08-21|50.84
596-87-2303|Saksham Seth|5360 Southwestern Blvd, Hamburg NY 14075|904-016-4321|1997-09-08|20.92
882-94-1969|Dr. Mateo Paz|150 Springville Station Blvd, Springville AL 35146|364-739-8696|1986-08-04|13.37
729-17-1211|Julia Beatriz Díaz Cuellar|6350 Cottage Hill Road, Mobile AL 36609|718-406-4097|1959-08-15|27.98
381-36-3702|Nicole Williams|5033 Transit Road, Clarence NY 14031|651-247-2078|1946-04-30|25.93
598-65-1117|Devansh Ramanathan|4975 Transit Rd, Lancaster NY 14086|561-700-9650|1970-02-17|32.12
625-54-5010|Mtro. Beatriz Fierro|1400 County Rd 64, Horseheads NY 14845|917-622-6221|1993-03-10|38.68
549-42-5224|Natalie Franklin|3191 County rd 10, Canandaigua NY 14424|959-437-9986|1964-09-15|20.01
296-80-3559|Gregorio Tafoya|161 Berlin Road, Cromwell CT 06416|870-825-8030|1978-01-30|19.11
282-62-1375|Kimberly Ayers|8650 Madison Blvd, Madison AL 35758|281-598-7813|1973-05-09|29.26
427-75-8278|Jerónimo Rentería|1180 Fall River Avenue, Seekonk MA 02771|313-454-6968|1992-09-28|11.44
720-28-0863|Whitney Stanton|2055 Niagara Falls Blvd, Amherst NY 14228|978-449-4112|1949-06-12|14.39
765-93-9596|Anya Sabharwal|655 Boston Post Rd, Old Saybrook CT 06475|724-741-2806|1965-11-07|23.77
517-82-3345|Mtro. Jaime Cardenas|555 East Main St, Orange MA 01364|209-475-7170|1976-09-12|32.41
869-26-8728|Lisa Cervantes|515 Sawmill Road, West Haven CT 06516|303-417-8902|1979-10-25|32.87
510-07-2069|Abigail Luis Manuel Tafoya|2041 Douglas Avenue, Brewton AL 36426|703-485-0223|1990-04-08|26.66
388-17-6018|Julie Davis|69 Prospect Hill Road, East Windsor CT 06088|913-554-9872|1942-07-04|16.31
231-04-4785|Baiju Krishnamurthy|579 Troy-Schenectady Road, Latham NY 12110|239-932-0844|1961-03-06|19.13
135-82-1890|Hiran Banerjee|601 Frank Stottile Blvd, Kingston NY 12401|984-092-5878|1947-09-29|39.78
800-81-4607|Pamela Martinez|420 Buckland Hills Dr, Manchester CT 06040|316-943-9688|1959-04-28|15.03
383-32-5886|Abril Gilberto Brito Guillen|5783 So Transit Road, Lockport NY 14094|517-237-5805|1962-06-03|28.7
225-91-3305|Mary Chase|1950 W Main St, Centre AL 35960|331-204-0094|1969-01-19|25.39
563-40-3256|James Werner|374 William S Canning Blvd, Fall River MA 02721|410-427-5987|1940-11-23|21.08
370-95-1146|Eshani Krishnamurthy|3018 East Ave, Central Square NY 13036|812-003-5255|1972-12-28|17.16
295-01-4140|Leticia Tejada|4180 Us Hwy 431, Roanoke AL 36274|319-366-3141|1997-10-24|24.68
497-44-5373|Isabel Lemus Jaimes|255 W Main St, Avon CT 06001|713-836-7452|1960-01-05|24.95
175-12-0630|Lic. Ernesto Villegas|1100 New Haven Road, Naugatuck CT 06770|574-575-8974|1963-01-12|48.31
784-42-3253|José Luis Flavio Carvajal|1706 Military Street South, Hamilton AL 35570|606-416-3592|1961-10-16|47.13
661-04-5081|Tejas Contractor|72 Main St, North Reading MA 01864|540-909-9459|1958-06-07|32.04
942-77-2012|Jessica Harvey|80 Town Line Rd, Rocky Hill CT 06067|831-825-4241|1979-01-15|18.65
613-42-6776|Anika Karnik|1095 Industrial Pkwy, Saraland AL 36571|856-694-2981|1971-03-20|24.09
468-02-1265|Trisha Sarna|1420 Us 231 South, Troy AL 36081|402-661-3051|1971-04-12|23.56
602-15-3084|Alisha Kakar|495 Flatbush Ave, Hartford CT 06106|919-191-8096|1959-05-24|37.48
672-23-7100|Silvano Emilia Hurtado|851 Ann St, Montgomery AL 36107|747-902-0440|1960-01-10|50.39
202-26-3178|Kevin Pearson|3371 S Alabama Ave, Monroeville AL 36460|636-676-1312|1959-05-17|19.59
285-22-7479|Eric Williams|1201 Rt 300, Newburgh NY 12550|727-218-2951|1946-07-28|33.64
216-24-5053|Hazel Bahri|901 Route 110, Farmingdale NY 11735|339-390-1358|1944-10-12|32.45
417-67-7999|Dhanuk Ramachandran|2465 Hempstead Turnpike, East Meadow NY 11554|985-111-2027|1978-01-05|26.82
216-21-8515|Ojas Sarna|7100 Aaron Aronov Drive, Fairfield AL 35064|947-404-7948|1956-04-12|18.47
944-91-6470|Holly Lewis|910 Wolcott St, Waterbury CT 06705|563-486-0747|1964-11-29|41.77
873-64-7287|Isabel Omar Frías Preciado|3133 E Main St, Mohegan Lake NY 10547|763-524-8128|1998-05-06|12.84
505-55-3975|Carla Franklin|4300 Lakeville Road, Geneseo NY 14454|513-521-3202|1974-03-20|17.94
291-24-8083|Ivana Ghosh|220 Salem Turnpike, Norwich CT 06360|973-148-1554|1976-09-14|14.53
534-46-8366|Noelia Francisco Zaragoza Méndez|180 River Rd, Lisbon CT 06351|272-864-3796|1987-07-24|17.36
693-50-1210|Saanvi Srinivas|11 Jungle Road, Leominster MA 01453|808-946-4035|1999-02-18|38.09
743-84-4337|Jennifer Jimenez|1105 Boston Road, Springfield MA 01119|229-239-6627|1949-07-01|30.26
295-74-9446|Mamooty Wason|10675 Hwy 5, Brent AL 35034|510-611-3039|1989-01-09|25.62
774-69-0980|Megan Lewis|1007 Red Farmer Drive, Hueytown AL 35023|307-405-0366|1952-12-10|22.3
990-01-9642|Neelofar Kapadia|301 Falls Blvd, Quincy MA 02169|716-116-3594|1966-09-27|37.69
702-77-5981|Ayesha Vaidya|262 Swansea Mall Dr, Swansea MA 02777|479-053-7519|1947-05-13|9.43
234-66-9313|Aaron Nichols|41 Anawana Lake Road, Monticello NY 12701|802-367-1032|1953-07-28|14.84
989-70-8977|Michelle Gilbert|5399 W Genesse St, Camillus NY 13031|810-829-7268|1951-08-26|12.53
440-21-8421|Emily Wilson|4133 Veterans Memorial Drive, Batavia NY 14020|315-952-4769|1942-09-29|19.89
407-75-0364|Carlota Cristina Garibay Calvillo|1549 Rt 9, Halfmoon NY 12065|509-191-0837|1946-02-11|47.84
967-78-2950|Armaan Tailor|100 Thruway Plaza, Cheektowaga NY 14225|424-404-3493|1951-05-25|20.93
730-61-3832|Megan Thornton|34301 Hwy 43, Thomasville AL 36784|930-332-2863|1964-10-09|32.52
622-02-0599|Mtro. Óscar Carreón|5710 Mcfarland Blvd, Northport AL 35476|478-071-6347|1995-02-01|14.44
630-58-6464|Diego Lucio|301 Massachusetts Ave, Lunenburg MA 01462|336-037-2492|1984-01-05|33.73
569-53-4606|Mtro. Tania Reyna|200 Otis Street, Northborough MA 01532|641-365-2671|1943-12-13|19.13
676-67-4212|Daniel Sanders|701 Mcmeans Ave, Bay Minette AL 36507|347-479-9134|1951-01-22|11.2
918-68-6447|Tarini Kala|250 Rt 59, Airmont NY 10901|515-199-8780|1955-07-10|12.15
655-94-2630|Heather Ochoa|150 Gold Star Hwy, Groton CT 06340|814-772-7792|1957-11-08|22.24
976-17-5707|Saanvi Sami|872 Route 13, Cortlandville NY 13045|862-365-9080|1976-12-07|9.88
324-05-5158|Dhanush Sahota|1903 Cobbs Ford Rd, Prattville AL 36066|351-947-1285|1998-10-25|25.2
219-21-3282|Sarah Cantu|15445 Highway 24, Moulton AL 35650|484-482-7230|1972-12-29|18.01
324-41-1228|María Arreola|7155 State Rt 12 S, Lowville NY 13367|910-021-6031|1947-12-24|24.55
356-90-4462|Robin Kennedy|625 School Street, Putnam CT 06260|972-367-0186|1979-11-26|22.31
